"","age","story","pos","lexeme"
"1",20,"gdc","Adjectives","able"
"2",20,"gdc","Adjectives","back"
"3",20,"gdc","Adjectives","big"
"4",20,"gdc","Adjectives","dangerous"
"5",20,"gdc","Adjectives","dirty"
"6",20,"gdc","Adjectives","early"
"7",20,"gdc","Adjectives","first"
"8",20,"gdc","Adjectives","good"
"9",20,"gdc","Adjectives","great"
"10",20,"gdc","Adjectives","happy"
"11",20,"gdc","Adjectives","hot"
"12",20,"gdc","Adjectives","huge"
"13",20,"gdc","Adjectives","hungry"
"14",20,"gdc","Adjectives","left"
"15",20,"gdc","Adjectives","little"
"16",20,"gdc","Adjectives","long"
"17",20,"gdc","Adjectives","messy"
"18",20,"gdc","Adjectives","next"
"19",20,"gdc","Adjectives","nice"
"20",20,"gdc","Adjectives","open"
"21",20,"gdc","Adjectives","own"
"22",20,"gdc","Adjectives","ready"
"23",20,"gdc","Adjectives","right"
"24",20,"gdc","Adjectives","sure"
"25",20,"gdc","Adjectives","young"
"26",20,"gdc","Adverbs","again"
"27",20,"gdc","Adverbs","all"
"28",20,"gdc","Adverbs","also"
"29",20,"gdc","Adverbs","around"
"30",20,"gdc","Adverbs","as"
"31",20,"gdc","Adverbs","away"
"32",20,"gdc","Adverbs","back"
"33",20,"gdc","Adverbs","down"
"34",20,"gdc","Adverbs","how"
"35",20,"gdc","Adverbs","in"
"36",20,"gdc","Adverbs","just"
"37",20,"gdc","Adverbs","more"
"38",20,"gdc","Adverbs","next"
"39",20,"gdc","Adverbs","now"
"40",20,"gdc","Adverbs","on"
"41",20,"gdc","Adverbs","once"
"42",20,"gdc","Adverbs","out"
"43",20,"gdc","Adverbs","shortly"
"44",20,"gdc","Adverbs","so"
"45",20,"gdc","Adverbs","then"
"46",20,"gdc","Adverbs","there"
"47",20,"gdc","Adverbs","up"
"48",20,"gdc","Adverbs","upstairs"
"49",20,"gdc","Adverbs","very"
"50",20,"gdc","Adverbs","where"
"51",20,"gdc","Nouns","baby"
"52",20,"gdc","Nouns","back"
"53",20,"gdc","Nouns","bath"
"54",20,"gdc","Nouns","bed"
"55",20,"gdc","Nouns","bread"
"56",20,"gdc","Nouns","butter"
"57",20,"gdc","Nouns","Carl"
"58",20,"gdc","Nouns","child"
"59",20,"gdc","Nouns","chute"
"60",20,"gdc","Nouns","cookie"
"61",20,"gdc","Nouns","crib"
"62",20,"gdc","Nouns","dog"
"63",20,"gdc","Nouns","fish tank"
"64",20,"gdc","Nouns","grape"
"65",20,"gdc","Nouns","home"
"66",20,"gdc","Nouns","kitchen"
"67",20,"gdc","Nouns","laundry"
"68",20,"gdc","Nouns","mess"
"69",20,"gdc","Nouns","milk"
"70",20,"gdc","Nouns","mom"
"71",20,"gdc","Nouns","mother"
"72",20,"gdc","Nouns","room"
"73",20,"gdc","Nouns","soap"
"74",20,"gdc","Nouns","time"
"75",20,"gdc","Nouns","window"
"76",20,"gdc","Verbs","clean"
"77",20,"gdc","Verbs","come"
"78",20,"gdc","Verbs","dance"
"79",20,"gdc","Verbs","decide"
"80",20,"gdc","Verbs","do"
"81",20,"gdc","Verbs","dry"
"82",20,"gdc","Verbs","eat"
"83",20,"gdc","Verbs","find"
"84",20,"gdc","Verbs","get"
"85",20,"gdc","Verbs","go"
"86",20,"gdc","Verbs","have"
"87",20,"gdc","Verbs","know"
"88",20,"gdc","Verbs","leave"
"89",20,"gdc","Verbs","let"
"90",20,"gdc","Verbs","look"
"91",20,"gdc","Verbs","make"
"92",20,"gdc","Verbs","play"
"93",20,"gdc","Verbs","put"
"94",20,"gdc","Verbs","ride"
"95",20,"gdc","Verbs","run"
"96",20,"gdc","Verbs","say"
"97",20,"gdc","Verbs","see"
"98",20,"gdc","Verbs","take"
"99",20,"gdc","Verbs","turn"
"100",20,"gdc","Verbs","watch"
"101",30,"gdc","Adjectives","awesome"
"102",30,"gdc","Adjectives","back"
"103",30,"gdc","Adjectives","big"
"104",30,"gdc","Adjectives","clean"
"105",30,"gdc","Adjectives","dirty"
"106",30,"gdc","Adjectives","first"
"107",30,"gdc","Adjectives","good"
"108",30,"gdc","Adjectives","great"
"109",30,"gdc","Adjectives","happy"
"110",30,"gdc","Adjectives","huge"
"111",30,"gdc","Adjectives","hungry"
"112",30,"gdc","Adjectives","left"
"113",30,"gdc","Adjectives","little"
"114",30,"gdc","Adjectives","messy"
"115",30,"gdc","Adjectives","next"
"116",30,"gdc","Adjectives","nice"
"117",30,"gdc","Adjectives","old"
"118",30,"gdc","Adjectives","open"
"119",30,"gdc","Adjectives","pretty"
"120",30,"gdc","Adjectives","ready"
"121",30,"gdc","Adjectives","right"
"122",30,"gdc","Adjectives","smart"
"123",30,"gdc","Adjectives","sure"
"124",30,"gdc","Adjectives","tired"
"125",30,"gdc","Adjectives","whole"
"126",30,"gdc","Adverbs","again"
"127",30,"gdc","Adverbs","all"
"128",30,"gdc","Adverbs","around"
"129",30,"gdc","Adverbs","away"
"130",30,"gdc","Adverbs","back"
"131",30,"gdc","Adverbs","down"
"132",30,"gdc","Adverbs","in"
"133",30,"gdc","Adverbs","just"
"134",30,"gdc","Adverbs","next"
"135",30,"gdc","Adverbs","now"
"136",30,"gdc","Adverbs","off"
"137",30,"gdc","Adverbs","on"
"138",30,"gdc","Adverbs","out"
"139",30,"gdc","Adverbs","over"
"140",30,"gdc","Adverbs","really"
"141",30,"gdc","Adverbs","shortly"
"142",30,"gdc","Adverbs","so"
"143",30,"gdc","Adverbs","soon"
"144",30,"gdc","Adverbs","sure"
"145",30,"gdc","Adverbs","then"
"146",30,"gdc","Adverbs","there"
"147",30,"gdc","Adverbs","up"
"148",30,"gdc","Adverbs","upstairs"
"149",30,"gdc","Adverbs","very"
"150",30,"gdc","Adverbs","where"
"151",30,"gdc","Nouns","baby"
"152",30,"gdc","Nouns","back"
"153",30,"gdc","Nouns","bath"
"154",30,"gdc","Nouns","bed"
"155",30,"gdc","Nouns","bread"
"156",30,"gdc","Nouns","butter"
"157",30,"gdc","Nouns","Carl"
"158",30,"gdc","Nouns","chocolate"
"159",30,"gdc","Nouns","chute"
"160",30,"gdc","Nouns","cookie"
"161",30,"gdc","Nouns","crib"
"162",30,"gdc","Nouns","dog"
"163",30,"gdc","Nouns","floor"
"164",30,"gdc","Nouns","grape"
"165",30,"gdc","Nouns","home"
"166",30,"gdc","Nouns","house"
"167",30,"gdc","Nouns","kitchen"
"168",30,"gdc","Nouns","laundry"
"169",30,"gdc","Nouns","mess"
"170",30,"gdc","Nouns","milk"
"171",30,"gdc","Nouns","mom"
"172",30,"gdc","Nouns","mother"
"173",30,"gdc","Nouns","room"
"174",30,"gdc","Nouns","time"
"175",30,"gdc","Nouns","window"
"176",30,"gdc","Verbs","clean"
"177",30,"gdc","Verbs","come"
"178",30,"gdc","Verbs","dance"
"179",30,"gdc","Verbs","decide"
"180",30,"gdc","Verbs","dry"
"181",30,"gdc","Verbs","eat"
"182",30,"gdc","Verbs","find"
"183",30,"gdc","Verbs","get"
"184",30,"gdc","Verbs","go"
"185",30,"gdc","Verbs","have"
"186",30,"gdc","Verbs","jump"
"187",30,"gdc","Verbs","know"
"188",30,"gdc","Verbs","leave"
"189",30,"gdc","Verbs","let"
"190",30,"gdc","Verbs","make"
"191",30,"gdc","Verbs","play"
"192",30,"gdc","Verbs","put"
"193",30,"gdc","Verbs","ride"
"194",30,"gdc","Verbs","run"
"195",30,"gdc","Verbs","say"
"196",30,"gdc","Verbs","see"
"197",30,"gdc","Verbs","take"
"198",30,"gdc","Verbs","turn"
"199",30,"gdc","Verbs","wash"
"200",30,"gdc","Verbs","watch"
"201",40,"gdc","Adjectives","back"
"202",40,"gdc","Adjectives","bad"
"203",40,"gdc","Adjectives","big"
"204",40,"gdc","Adjectives","clean"
"205",40,"gdc","Adjectives","dirty"
"206",40,"gdc","Adjectives","dry"
"207",40,"gdc","Adjectives","first"
"208",40,"gdc","Adjectives","full"
"209",40,"gdc","Adjectives","fun"
"210",40,"gdc","Adjectives","gentle"
"211",40,"gdc","Adjectives","good"
"212",40,"gdc","Adjectives","great"
"213",40,"gdc","Adjectives","happy"
"214",40,"gdc","Adjectives","hungry"
"215",40,"gdc","Adjectives","little"
"216",40,"gdc","Adjectives","messy"
"217",40,"gdc","Adjectives","next"
"218",40,"gdc","Adjectives","nice"
"219",40,"gdc","Adjectives","old"
"220",40,"gdc","Adjectives","ready"
"221",40,"gdc","Adjectives","right"
"222",40,"gdc","Adjectives","safe"
"223",40,"gdc","Adjectives","sure"
"224",40,"gdc","Adjectives","whole"
"225",40,"gdc","Adjectives","wonderful"
"226",40,"gdc","Adverbs","again"
"227",40,"gdc","Adverbs","all"
"228",40,"gdc","Adverbs","around"
"229",40,"gdc","Adverbs","away"
"230",40,"gdc","Adverbs","back"
"231",40,"gdc","Adverbs","down"
"232",40,"gdc","Adverbs","here"
"233",40,"gdc","Adverbs","home"
"234",40,"gdc","Adverbs","in"
"235",40,"gdc","Adverbs","just"
"236",40,"gdc","Adverbs","next"
"237",40,"gdc","Adverbs","now"
"238",40,"gdc","Adverbs","off"
"239",40,"gdc","Adverbs","on"
"240",40,"gdc","Adverbs","out"
"241",40,"gdc","Adverbs","over"
"242",40,"gdc","Adverbs","right"
"243",40,"gdc","Adverbs","shortly"
"244",40,"gdc","Adverbs","then"
"245",40,"gdc","Adverbs","there"
"246",40,"gdc","Adverbs","together"
"247",40,"gdc","Adverbs","up"
"248",40,"gdc","Adverbs","upstairs"
"249",40,"gdc","Adverbs","very"
"250",40,"gdc","Adverbs","where"
"251",40,"gdc","Nouns","baby"
"252",40,"gdc","Nouns","back"
"253",40,"gdc","Nouns","bed"
"254",40,"gdc","Nouns","bread"
"255",40,"gdc","Nouns","butter"
"256",40,"gdc","Nouns","Carl"
"257",40,"gdc","Nouns","chocolate"
"258",40,"gdc","Nouns","chute"
"259",40,"gdc","Nouns","cookie"
"260",40,"gdc","Nouns","crib"
"261",40,"gdc","Nouns","dog"
"262",40,"gdc","Nouns","fish tank"
"263",40,"gdc","Nouns","floor"
"264",40,"gdc","Nouns","grape"
"265",40,"gdc","Nouns","home"
"266",40,"gdc","Nouns","kitchen"
"267",40,"gdc","Nouns","laundry"
"268",40,"gdc","Nouns","mess"
"269",40,"gdc","Nouns","milk"
"270",40,"gdc","Nouns","mom"
"271",40,"gdc","Nouns","mother"
"272",40,"gdc","Nouns","room"
"273",40,"gdc","Nouns","soap"
"274",40,"gdc","Nouns","time"
"275",40,"gdc","Nouns","window"
"276",40,"gdc","Verbs","clean"
"277",40,"gdc","Verbs","climb"
"278",40,"gdc","Verbs","come"
"279",40,"gdc","Verbs","decide"
"280",40,"gdc","Verbs","do"
"281",40,"gdc","Verbs","find"
"282",40,"gdc","Verbs","get"
"283",40,"gdc","Verbs","go"
"284",40,"gdc","Verbs","have"
"285",40,"gdc","Verbs","jump"
"286",40,"gdc","Verbs","know"
"287",40,"gdc","Verbs","lay"
"288",40,"gdc","Verbs","leave"
"289",40,"gdc","Verbs","let"
"290",40,"gdc","Verbs","look"
"291",40,"gdc","Verbs","make"
"292",40,"gdc","Verbs","open"
"293",40,"gdc","Verbs","play"
"294",40,"gdc","Verbs","put"
"295",40,"gdc","Verbs","ride"
"296",40,"gdc","Verbs","run"
"297",40,"gdc","Verbs","say"
"298",40,"gdc","Verbs","see"
"299",40,"gdc","Verbs","take"
"300",40,"gdc","Verbs","watch"
"301",50,"gdc","Adjectives","big"
"302",50,"gdc","Adjectives","close"
"303",50,"gdc","Adjectives","dirty"
"304",50,"gdc","Adjectives","fine"
"305",50,"gdc","Adjectives","first"
"306",50,"gdc","Adjectives","fun"
"307",50,"gdc","Adjectives","good"
"308",50,"gdc","Adjectives","great"
"309",50,"gdc","Adjectives","happy"
"310",50,"gdc","Adjectives","hungry"
"311",50,"gdc","Adjectives","left"
"312",50,"gdc","Adjectives","little"
"313",50,"gdc","Adjectives","messy"
"314",50,"gdc","Adjectives","next"
"315",50,"gdc","Adjectives","nice"
"316",50,"gdc","Adjectives","open"
"317",50,"gdc","Adjectives","own"
"318",50,"gdc","Adjectives","pretty"
"319",50,"gdc","Adjectives","ready"
"320",50,"gdc","Adjectives","right"
"321",50,"gdc","Adjectives","smart"
"322",50,"gdc","Adjectives","sure"
"323",50,"gdc","Adjectives","whole"
"324",50,"gdc","Adjectives","wonderful"
"325",50,"gdc","Adjectives","yet"
"326",50,"gdc","Adverbs",""
"327",50,"gdc","Adverbs","again"
"328",50,"gdc","Adverbs","all"
"329",50,"gdc","Adverbs","away"
"330",50,"gdc","Adverbs","back"
"331",50,"gdc","Adverbs","down"
"332",50,"gdc","Adverbs","here"
"333",50,"gdc","Adverbs","how"
"334",50,"gdc","Adverbs","in"
"335",50,"gdc","Adverbs","just"
"336",50,"gdc","Adverbs","next"
"337",50,"gdc","Adverbs","now"
"338",50,"gdc","Adverbs","off"
"339",50,"gdc","Adverbs","on"
"340",50,"gdc","Adverbs","out"
"341",50,"gdc","Adverbs","over"
"342",50,"gdc","Adverbs","shortly"
"343",50,"gdc","Adverbs","so"
"344",50,"gdc","Adverbs","sure"
"345",50,"gdc","Adverbs","then"
"346",50,"gdc","Adverbs","there"
"347",50,"gdc","Adverbs","up"
"348",50,"gdc","Adverbs","upstairs"
"349",50,"gdc","Adverbs","very"
"350",50,"gdc","Adverbs","where"
"351",50,"gdc","Nouns","baby"
"352",50,"gdc","Nouns","back"
"353",50,"gdc","Nouns","bed"
"354",50,"gdc","Nouns","bread"
"355",50,"gdc","Nouns","butter"
"356",50,"gdc","Nouns","Carl"
"357",50,"gdc","Nouns","chocolate"
"358",50,"gdc","Nouns","chute"
"359",50,"gdc","Nouns","cookie"
"360",50,"gdc","Nouns","crib"
"361",50,"gdc","Nouns","dog"
"362",50,"gdc","Nouns","fish"
"363",50,"gdc","Nouns","floor"
"364",50,"gdc","Nouns","grape"
"365",50,"gdc","Nouns","kitchen"
"366",50,"gdc","Nouns","laundry"
"367",50,"gdc","Nouns","mess"
"368",50,"gdc","Nouns","milk"
"369",50,"gdc","Nouns","mom"
"370",50,"gdc","Nouns","mother"
"371",50,"gdc","Nouns","powder"
"372",50,"gdc","Nouns","room"
"373",50,"gdc","Nouns","swim"
"374",50,"gdc","Nouns","time"
"375",50,"gdc","Nouns","window"
"376",50,"gdc","Verbs","clean"
"377",50,"gdc","Verbs","climb"
"378",50,"gdc","Verbs","come"
"379",50,"gdc","Verbs","decide"
"380",50,"gdc","Verbs","dry"
"381",50,"gdc","Verbs","eat"
"382",50,"gdc","Verbs","excited"
"383",50,"gdc","Verbs","get"
"384",50,"gdc","Verbs","give"
"385",50,"gdc","Verbs","go"
"386",50,"gdc","Verbs","have"
"387",50,"gdc","Verbs","know"
"388",50,"gdc","Verbs","leave"
"389",50,"gdc","Verbs","let"
"390",50,"gdc","Verbs","look"
"391",50,"gdc","Verbs","make"
"392",50,"gdc","Verbs","play"
"393",50,"gdc","Verbs","put"
"394",50,"gdc","Verbs","ride"
"395",50,"gdc","Verbs","run"
"396",50,"gdc","Verbs","say"
"397",50,"gdc","Verbs","see"
"398",50,"gdc","Verbs","take"
"399",50,"gdc","Verbs","turn"
"400",50,"gdc","Verbs","watch"
"401",60,"gdc","Adjectives","able"
"402",60,"gdc","Adjectives","big"
"403",60,"gdc","Adjectives","clean"
"404",60,"gdc","Adjectives","close"
"405",60,"gdc","Adjectives","dirty"
"406",60,"gdc","Adjectives","dry"
"407",60,"gdc","Adjectives","first"
"408",60,"gdc","Adjectives","full"
"409",60,"gdc","Adjectives","good"
"410",60,"gdc","Adjectives","great"
"411",60,"gdc","Adjectives","happy"
"412",60,"gdc","Adjectives","hungry"
"413",60,"gdc","Adjectives","left"
"414",60,"gdc","Adjectives","little"
"415",60,"gdc","Adjectives","messy"
"416",60,"gdc","Adjectives","next"
"417",60,"gdc","Adjectives","nice"
"418",60,"gdc","Adjectives","old"
"419",60,"gdc","Adjectives","open"
"420",60,"gdc","Adjectives","pretty"
"421",60,"gdc","Adjectives","smart"
"422",60,"gdc","Adjectives","soft"
"423",60,"gdc","Adjectives","sure"
"424",60,"gdc","Adjectives","tired"
"425",60,"gdc","Adjectives","whole"
"426",60,"gdc","Adverbs","again"
"427",60,"gdc","Adverbs","all"
"428",60,"gdc","Adverbs","also"
"429",60,"gdc","Adverbs","around"
"430",60,"gdc","Adverbs","away"
"431",60,"gdc","Adverbs","back"
"432",60,"gdc","Adverbs","down"
"433",60,"gdc","Adverbs","here"
"434",60,"gdc","Adverbs","in"
"435",60,"gdc","Adverbs","just"
"436",60,"gdc","Adverbs","now"
"437",60,"gdc","Adverbs","off"
"438",60,"gdc","Adverbs","on"
"439",60,"gdc","Adverbs","out"
"440",60,"gdc","Adverbs","over"
"441",60,"gdc","Adverbs","probably"
"442",60,"gdc","Adverbs","shortly"
"443",60,"gdc","Adverbs","so"
"444",60,"gdc","Adverbs","soon"
"445",60,"gdc","Adverbs","then"
"446",60,"gdc","Adverbs","there"
"447",60,"gdc","Adverbs","up"
"448",60,"gdc","Adverbs","upstairs"
"449",60,"gdc","Adverbs","very"
"450",60,"gdc","Adverbs","where"
"451",60,"gdc","Nouns","aquarium"
"452",60,"gdc","Nouns","baby"
"453",60,"gdc","Nouns","back"
"454",60,"gdc","Nouns","bed"
"455",60,"gdc","Nouns","bread"
"456",60,"gdc","Nouns","butter"
"457",60,"gdc","Nouns","Carl"
"458",60,"gdc","Nouns","chocolate"
"459",60,"gdc","Nouns","chute"
"460",60,"gdc","Nouns","cookie"
"461",60,"gdc","Nouns","crib"
"462",60,"gdc","Nouns","dog"
"463",60,"gdc","Nouns","floor"
"464",60,"gdc","Nouns","home"
"465",60,"gdc","Nouns","laundry"
"466",60,"gdc","Nouns","mess"
"467",60,"gdc","Nouns","milk"
"468",60,"gdc","Nouns","mom"
"469",60,"gdc","Nouns","mother"
"470",60,"gdc","Nouns","powder"
"471",60,"gdc","Nouns","room"
"472",60,"gdc","Nouns","soap"
"473",60,"gdc","Nouns","thing"
"474",60,"gdc","Nouns","time"
"475",60,"gdc","Nouns","window"
"476",60,"gdc","Verbs","clean"
"477",60,"gdc","Verbs","climb"
"478",60,"gdc","Verbs","come"
"479",60,"gdc","Verbs","dance"
"480",60,"gdc","Verbs","decide"
"481",60,"gdc","Verbs","do"
"482",60,"gdc","Verbs","eat"
"483",60,"gdc","Verbs","find"
"484",60,"gdc","Verbs","get"
"485",60,"gdc","Verbs","go"
"486",60,"gdc","Verbs","have"
"487",60,"gdc","Verbs","know"
"488",60,"gdc","Verbs","let"
"489",60,"gdc","Verbs","look"
"490",60,"gdc","Verbs","make"
"491",60,"gdc","Verbs","play"
"492",60,"gdc","Verbs","put"
"493",60,"gdc","Verbs","ride"
"494",60,"gdc","Verbs","run"
"495",60,"gdc","Verbs","say"
"496",60,"gdc","Verbs","see"
"497",60,"gdc","Verbs","sit"
"498",60,"gdc","Verbs","swim"
"499",60,"gdc","Verbs","take"
"500",60,"gdc","Verbs","watch"
"501",70,"gdc","Adjectives","big"
"502",70,"gdc","Adjectives","close"
"503",70,"gdc","Adjectives","cute"
"504",70,"gdc","Adjectives","dirty"
"505",70,"gdc","Adjectives","first"
"506",70,"gdc","Adjectives","good"
"507",70,"gdc","Adjectives","great"
"508",70,"gdc","Adjectives","happy"
"509",70,"gdc","Adjectives","hungry"
"510",70,"gdc","Adjectives","innocent"
"511",70,"gdc","Adjectives","little"
"512",70,"gdc","Adjectives","messy"
"513",70,"gdc","Adjectives","next"
"514",70,"gdc","Adjectives","nice"
"515",70,"gdc","Adjectives","old"
"516",70,"gdc","Adjectives","open"
"517",70,"gdc","Adjectives","own"
"518",70,"gdc","Adjectives","pretty"
"519",70,"gdc","Adjectives","right"
"520",70,"gdc","Adjectives","same"
"521",70,"gdc","Adjectives","smart"
"522",70,"gdc","Adjectives","sure"
"523",70,"gdc","Adjectives","tired"
"524",70,"gdc","Adjectives","whole"
"525",70,"gdc","Adjectives","wonderful"
"526",70,"gdc","Adverbs","again"
"527",70,"gdc","Adverbs","all"
"528",70,"gdc","Adverbs","apparently"
"529",70,"gdc","Adverbs","away"
"530",70,"gdc","Adverbs","back"
"531",70,"gdc","Adverbs","down"
"532",70,"gdc","Adverbs","here"
"533",70,"gdc","Adverbs","how"
"534",70,"gdc","Adverbs","in"
"535",70,"gdc","Adverbs","just"
"536",70,"gdc","Adverbs","next"
"537",70,"gdc","Adverbs","now"
"538",70,"gdc","Adverbs","off"
"539",70,"gdc","Adverbs","on"
"540",70,"gdc","Adverbs","out"
"541",70,"gdc","Adverbs","over"
"542",70,"gdc","Adverbs","shortly"
"543",70,"gdc","Adverbs","so"
"544",70,"gdc","Adverbs","then"
"545",70,"gdc","Adverbs","there"
"546",70,"gdc","Adverbs","up"
"547",70,"gdc","Adverbs","upstairs"
"548",70,"gdc","Adverbs","very"
"549",70,"gdc","Adverbs","where"
"550",70,"gdc","Adverbs","yet"
"551",70,"gdc","Nouns","aquarium"
"552",70,"gdc","Nouns","baby"
"553",70,"gdc","Nouns","back"
"554",70,"gdc","Nouns","bed"
"555",70,"gdc","Nouns","boy"
"556",70,"gdc","Nouns","bread"
"557",70,"gdc","Nouns","butter"
"558",70,"gdc","Nouns","Carl"
"559",70,"gdc","Nouns","chocolate"
"560",70,"gdc","Nouns","chute"
"561",70,"gdc","Nouns","cookie"
"562",70,"gdc","Nouns","crib"
"563",70,"gdc","Nouns","dog"
"564",70,"gdc","Nouns","floor"
"565",70,"gdc","Nouns","kitchen"
"566",70,"gdc","Nouns","laundry"
"567",70,"gdc","Nouns","mess"
"568",70,"gdc","Nouns","milk"
"569",70,"gdc","Nouns","mom"
"570",70,"gdc","Nouns","mother"
"571",70,"gdc","Nouns","powder"
"572",70,"gdc","Nouns","puff"
"573",70,"gdc","Nouns","thing"
"574",70,"gdc","Nouns","time"
"575",70,"gdc","Nouns","window"
"576",70,"gdc","Verbs","clean"
"577",70,"gdc","Verbs","climb"
"578",70,"gdc","Verbs","come"
"579",70,"gdc","Verbs","dance"
"580",70,"gdc","Verbs","decide"
"581",70,"gdc","Verbs","do"
"582",70,"gdc","Verbs","dry"
"583",70,"gdc","Verbs","eat"
"584",70,"gdc","Verbs","find"
"585",70,"gdc","Verbs","get"
"586",70,"gdc","Verbs","go"
"587",70,"gdc","Verbs","have"
"588",70,"gdc","Verbs","know"
"589",70,"gdc","Verbs","let"
"590",70,"gdc","Verbs","look"
"591",70,"gdc","Verbs","make"
"592",70,"gdc","Verbs","open"
"593",70,"gdc","Verbs","play"
"594",70,"gdc","Verbs","put"
"595",70,"gdc","Verbs","say"
"596",70,"gdc","Verbs","see"
"597",70,"gdc","Verbs","sit"
"598",70,"gdc","Verbs","take"
"599",70,"gdc","Verbs","turn"
"600",70,"gdc","Verbs","watch"
"601",80,"gdc","Adjectives","able"
"602",80,"gdc","Adjectives","big"
"603",80,"gdc","Adjectives","close"
"604",80,"gdc","Adjectives","different"
"605",80,"gdc","Adjectives","dirty"
"606",80,"gdc","Adjectives","first"
"607",80,"gdc","Adjectives","good"
"608",80,"gdc","Adjectives","great"
"609",80,"gdc","Adjectives","happy"
"610",80,"gdc","Adjectives","left"
"611",80,"gdc","Adjectives","little"
"612",80,"gdc","Adjectives","messy"
"613",80,"gdc","Adjectives","next"
"614",80,"gdc","Adjectives","nice"
"615",80,"gdc","Adjectives","old"
"616",80,"gdc","Adjectives","open"
"617",80,"gdc","Adjectives","pretty"
"618",80,"gdc","Adjectives","ready"
"619",80,"gdc","Adjectives","right"
"620",80,"gdc","Adjectives","small"
"621",80,"gdc","Adjectives","smart"
"622",80,"gdc","Adjectives","sure"
"623",80,"gdc","Adjectives","wet"
"624",80,"gdc","Adjectives","whole"
"625",80,"gdc","Adjectives","wonderful"
"626",80,"gdc","Adverbs","again"
"627",80,"gdc","Adverbs","all"
"628",80,"gdc","Adverbs","apparent"
"629",80,"gdc","Adverbs","around"
"630",80,"gdc","Adverbs","away"
"631",80,"gdc","Adverbs","back"
"632",80,"gdc","Adverbs","down"
"633",80,"gdc","Adverbs","here"
"634",80,"gdc","Adverbs","how"
"635",80,"gdc","Adverbs","in"
"636",80,"gdc","Adverbs","just"
"637",80,"gdc","Adverbs","now"
"638",80,"gdc","Adverbs","off"
"639",80,"gdc","Adverbs","on"
"640",80,"gdc","Adverbs","out"
"641",80,"gdc","Adverbs","over"
"642",80,"gdc","Adverbs","really"
"643",80,"gdc","Adverbs","shortly"
"644",80,"gdc","Adverbs","so"
"645",80,"gdc","Adverbs","then"
"646",80,"gdc","Adverbs","there"
"647",80,"gdc","Adverbs","up"
"648",80,"gdc","Adverbs","upstairs"
"649",80,"gdc","Adverbs","very"
"650",80,"gdc","Adverbs","where"
"651",80,"gdc","Nouns","baby"
"652",80,"gdc","Nouns","back"
"653",80,"gdc","Nouns","bed"
"654",80,"gdc","Nouns","boy"
"655",80,"gdc","Nouns","bread"
"656",80,"gdc","Nouns","butter"
"657",80,"gdc","Nouns","Carl"
"658",80,"gdc","Nouns","child"
"659",80,"gdc","Nouns","chocolate"
"660",80,"gdc","Nouns","chute"
"661",80,"gdc","Nouns","cookie"
"662",80,"gdc","Nouns","crib"
"663",80,"gdc","Nouns","dog"
"664",80,"gdc","Nouns","fish"
"665",80,"gdc","Nouns","floor"
"666",80,"gdc","Nouns","head"
"667",80,"gdc","Nouns","laundry"
"668",80,"gdc","Nouns","milk"
"669",80,"gdc","Nouns","mother"
"670",80,"gdc","Nouns","powder"
"671",80,"gdc","Nouns","puff"
"672",80,"gdc","Nouns","room"
"673",80,"gdc","Nouns","thing"
"674",80,"gdc","Nouns","time"
"675",80,"gdc","Nouns","window"
"676",80,"gdc","Verbs","clean"
"677",80,"gdc","Verbs","climb"
"678",80,"gdc","Verbs","come"
"679",80,"gdc","Verbs","do"
"680",80,"gdc","Verbs","find"
"681",80,"gdc","Verbs","get"
"682",80,"gdc","Verbs","give"
"683",80,"gdc","Verbs","go"
"684",80,"gdc","Verbs","guess"
"685",80,"gdc","Verbs","have"
"686",80,"gdc","Verbs","know"
"687",80,"gdc","Verbs","let"
"688",80,"gdc","Verbs","look"
"689",80,"gdc","Verbs","make"
"690",80,"gdc","Verbs","open"
"691",80,"gdc","Verbs","play"
"692",80,"gdc","Verbs","put"
"693",80,"gdc","Verbs","ride"
"694",80,"gdc","Verbs","run"
"695",80,"gdc","Verbs","say"
"696",80,"gdc","Verbs","see"
"697",80,"gdc","Verbs","straighten"
"698",80,"gdc","Verbs","take"
"699",80,"gdc","Verbs","wash"
"700",80,"gdc","Verbs","watch"
"701",20,"picnic","Adjectives","beautiful"
"702",20,"picnic","Adjectives","big"
"703",20,"picnic","Adjectives","bumpy"
"704",20,"picnic","Adjectives","excited"
"705",20,"picnic","Adjectives","glad"
"706",20,"picnic","Adjectives","good"
"707",20,"picnic","Adjectives","happy"
"708",20,"picnic","Adjectives","hungry"
"709",20,"picnic","Adjectives","left"
"710",20,"picnic","Adjectives","little"
"711",20,"picnic","Adjectives","long"
"712",20,"picnic","Adjectives","lost"
"713",20,"picnic","Adjectives","missing"
"714",20,"picnic","Adjectives","nice"
"715",20,"picnic","Adjectives","old"
"716",20,"picnic","Adjectives","own"
"717",20,"picnic","Adjectives","pink"
"718",20,"picnic","Adjectives","ready"
"719",20,"picnic","Adjectives","red"
"720",20,"picnic","Adjectives","sad"
"721",20,"picnic","Adjectives","same"
"722",20,"picnic","Adjectives","scared"
"723",20,"picnic","Adjectives","small"
"724",20,"picnic","Adjectives","stuffed"
"725",20,"picnic","Adjectives","whole"
"726",20,"picnic","Adverbs","again"
"727",20,"picnic","Adverbs","all"
"728",20,"picnic","Adverbs","alone"
"729",20,"picnic","Adverbs","around"
"730",20,"picnic","Adverbs","away"
"731",20,"picnic","Adverbs","back"
"732",20,"picnic","Adverbs","behind"
"733",20,"picnic","Adverbs","even"
"734",20,"picnic","Adverbs","finally"
"735",20,"picnic","Adverbs","here"
"736",20,"picnic","Adverbs","just"
"737",20,"picnic","Adverbs","maybe"
"738",20,"picnic","Adverbs","meanwhile"
"739",20,"picnic","Adverbs","now"
"740",20,"picnic","Adverbs","off"
"741",20,"picnic","Adverbs","out"
"742",20,"picnic","Adverbs","really"
"743",20,"picnic","Adverbs","so"
"744",20,"picnic","Adverbs","still"
"745",20,"picnic","Adverbs","then"
"746",20,"picnic","Adverbs","there"
"747",20,"picnic","Adverbs","together"
"748",20,"picnic","Adverbs","up"
"749",20,"picnic","Adverbs","very"
"750",20,"picnic","Adverbs","where"
"751",20,"picnic","Nouns","animal"
"752",20,"picnic","Nouns","baby"
"753",20,"picnic","Nouns","back"
"754",20,"picnic","Nouns","baseball"
"755",20,"picnic","Nouns","berry"
"756",20,"picnic","Nouns","child"
"757",20,"picnic","Nouns","dad"
"758",20,"picnic","Nouns","day"
"759",20,"picnic","Nouns","family"
"760",20,"picnic","Nouns","flower"
"761",20,"picnic","Nouns","food"
"762",20,"picnic","Nouns","girl"
"763",20,"picnic","Nouns","grass"
"764",20,"picnic","Nouns","kid"
"765",20,"picnic","Nouns","lake"
"766",20,"picnic","Nouns","mom"
"767",20,"picnic","Nouns","mouse"
"768",20,"picnic","Nouns","picnic"
"769",20,"picnic","Nouns","raspberry"
"770",20,"picnic","Nouns","rest"
"771",20,"picnic","Nouns","road"
"772",20,"picnic","Nouns","rock"
"773",20,"picnic","Nouns","time"
"774",20,"picnic","Nouns","truck"
"775",20,"picnic","Nouns","way"
"776",20,"picnic","Verbs","begin"
"777",20,"picnic","Verbs","call"
"778",20,"picnic","Verbs","come"
"779",20,"picnic","Verbs","cry"
"780",20,"picnic","Verbs","decide"
"781",20,"picnic","Verbs","do"
"782",20,"picnic","Verbs","drive"
"783",20,"picnic","Verbs","eat"
"784",20,"picnic","Verbs","fall"
"785",20,"picnic","Verbs","find"
"786",20,"picnic","Verbs","get"
"787",20,"picnic","Verbs","go"
"788",20,"picnic","Verbs","have"
"789",20,"picnic","Verbs","hear"
"790",20,"picnic","Verbs","hug"
"791",20,"picnic","Verbs","know"
"792",20,"picnic","Verbs","look"
"793",20,"picnic","Verbs","notice"
"794",20,"picnic","Verbs","pick"
"795",20,"picnic","Verbs","play"
"796",20,"picnic","Verbs","run"
"797",20,"picnic","Verbs","see"
"798",20,"picnic","Verbs","sit"
"799",20,"picnic","Verbs","start"
"800",20,"picnic","Verbs","take"
"801",30,"picnic","Adjectives","beautiful"
"802",30,"picnic","Adjectives","big"
"803",30,"picnic","Adjectives","bumpy"
"804",30,"picnic","Adjectives","excited"
"805",30,"picnic","Adjectives","good"
"806",30,"picnic","Adjectives","great"
"807",30,"picnic","Adjectives","happy"
"808",30,"picnic","Adjectives","high"
"809",30,"picnic","Adjectives","hungry"
"810",30,"picnic","Adjectives","left"
"811",30,"picnic","Adjectives","little"
"812",30,"picnic","Adjectives","lost"
"813",30,"picnic","Adjectives","missing"
"814",30,"picnic","Adjectives","nearby"
"815",30,"picnic","Adjectives","nice"
"816",30,"picnic","Adjectives","old"
"817",30,"picnic","Adjectives","own"
"818",30,"picnic","Adjectives","pink"
"819",30,"picnic","Adjectives","ready"
"820",30,"picnic","Adjectives","sad"
"821",30,"picnic","Adjectives","scared"
"822",30,"picnic","Adjectives","small"
"823",30,"picnic","Adjectives","stuffed"
"824",30,"picnic","Adjectives","whole"
"825",30,"picnic","Adjectives","young"
"826",30,"picnic","Adverbs","again"
"827",30,"picnic","Adverbs","all"
"828",30,"picnic","Adverbs","alone"
"829",30,"picnic","Adverbs","around"
"830",30,"picnic","Adverbs","back"
"831",30,"picnic","Adverbs","behind"
"832",30,"picnic","Adverbs","down"
"833",30,"picnic","Adverbs","even"
"834",30,"picnic","Adverbs","finally"
"835",30,"picnic","Adverbs","here"
"836",30,"picnic","Adverbs","just"
"837",30,"picnic","Adverbs","meanwhile"
"838",30,"picnic","Adverbs","now"
"839",30,"picnic","Adverbs","on"
"840",30,"picnic","Adverbs","once"
"841",30,"picnic","Adverbs","out"
"842",30,"picnic","Adverbs","really"
"843",30,"picnic","Adverbs","so"
"844",30,"picnic","Adverbs","still"
"845",30,"picnic","Adverbs","then"
"846",30,"picnic","Adverbs","there"
"847",30,"picnic","Adverbs","together"
"848",30,"picnic","Adverbs","up"
"849",30,"picnic","Adverbs","very"
"850",30,"picnic","Adverbs","where"
"851",30,"picnic","Nouns","animal"
"852",30,"picnic","Nouns","baby"
"853",30,"picnic","Nouns","back"
"854",30,"picnic","Nouns","baseball"
"855",30,"picnic","Nouns","berry"
"856",30,"picnic","Nouns","bush"
"857",30,"picnic","Nouns","child"
"858",30,"picnic","Nouns","doll"
"859",30,"picnic","Nouns","family"
"860",30,"picnic","Nouns","flower"
"861",30,"picnic","Nouns","food"
"862",30,"picnic","Nouns","girl"
"863",30,"picnic","Nouns","grass"
"864",30,"picnic","Nouns","kid"
"865",30,"picnic","Nouns","lunch"
"866",30,"picnic","Nouns","mom"
"867",30,"picnic","Nouns","mouse"
"868",30,"picnic","Nouns","picnic"
"869",30,"picnic","Nouns","raspberry"
"870",30,"picnic","Nouns","road"
"871",30,"picnic","Nouns","rock"
"872",30,"picnic","Nouns","time"
"873",30,"picnic","Nouns","toy"
"874",30,"picnic","Nouns","truck"
"875",30,"picnic","Nouns","water"
"876",30,"picnic","Verbs","begin"
"877",30,"picnic","Verbs","come"
"878",30,"picnic","Verbs","continue"
"879",30,"picnic","Verbs","decide"
"880",30,"picnic","Verbs","do"
"881",30,"picnic","Verbs","eat"
"882",30,"picnic","Verbs","fall"
"883",30,"picnic","Verbs","find"
"884",30,"picnic","Verbs","forget"
"885",30,"picnic","Verbs","get"
"886",30,"picnic","Verbs","give"
"887",30,"picnic","Verbs","go"
"888",30,"picnic","Verbs","have"
"889",30,"picnic","Verbs","hear"
"890",30,"picnic","Verbs","hit"
"891",30,"picnic","Verbs","hug"
"892",30,"picnic","Verbs","know"
"893",30,"picnic","Verbs","look"
"894",30,"picnic","Verbs","pick"
"895",30,"picnic","Verbs","realize"
"896",30,"picnic","Verbs","run"
"897",30,"picnic","Verbs","see"
"898",30,"picnic","Verbs","sit"
"899",30,"picnic","Verbs","start"
"900",30,"picnic","Verbs","take"
"901",40,"picnic","Adjectives","beautiful"
"902",40,"picnic","Adjectives","big"
"903",40,"picnic","Adjectives","bumpy"
"904",40,"picnic","Adjectives","excite"
"905",40,"picnic","Adjectives","full"
"906",40,"picnic","Adjectives","good"
"907",40,"picnic","Adjectives","great"
"908",40,"picnic","Adjectives","happy"
"909",40,"picnic","Adjectives","hungry"
"910",40,"picnic","Adjectives","left"
"911",40,"picnic","Adjectives","little"
"912",40,"picnic","Adjectives","lost"
"913",40,"picnic","Adjectives","missing"
"914",40,"picnic","Adjectives","nice"
"915",40,"picnic","Adjectives","old"
"916",40,"picnic","Adjectives","pink"
"917",40,"picnic","Adjectives","poor"
"918",40,"picnic","Adjectives","ready"
"919",40,"picnic","Adjectives","red"
"920",40,"picnic","Adjectives","sad"
"921",40,"picnic","Adjectives","scared"
"922",40,"picnic","Adjectives","small"
"923",40,"picnic","Adjectives","stuffed"
"924",40,"picnic","Adjectives","whole"
"925",40,"picnic","Adjectives","young"
"926",40,"picnic","Adverbs","again"
"927",40,"picnic","Adverbs","all"
"928",40,"picnic","Adverbs","alone"
"929",40,"picnic","Adverbs","around"
"930",40,"picnic","Adverbs","away"
"931",40,"picnic","Adverbs","back"
"932",40,"picnic","Adverbs","behind"
"933",40,"picnic","Adverbs","down"
"934",40,"picnic","Adverbs","finally"
"935",40,"picnic","Adverbs","here"
"936",40,"picnic","Adverbs","just"
"937",40,"picnic","Adverbs","now"
"938",40,"picnic","Adverbs","off"
"939",40,"picnic","Adverbs","on"
"940",40,"picnic","Adverbs","out"
"941",40,"picnic","Adverbs","probably"
"942",40,"picnic","Adverbs","so"
"943",40,"picnic","Adverbs","still"
"944",40,"picnic","Adverbs","suddenly"
"945",40,"picnic","Adverbs","then"
"946",40,"picnic","Adverbs","there"
"947",40,"picnic","Adverbs","together"
"948",40,"picnic","Adverbs","up"
"949",40,"picnic","Adverbs","very"
"950",40,"picnic","Adverbs","where"
"951",40,"picnic","Nouns","animal"
"952",40,"picnic","Nouns","area"
"953",40,"picnic","Nouns","baby"
"954",40,"picnic","Nouns","back"
"955",40,"picnic","Nouns","berry"
"956",40,"picnic","Nouns","blanket"
"957",40,"picnic","Nouns","bush"
"958",40,"picnic","Nouns","child"
"959",40,"picnic","Nouns","day"
"960",40,"picnic","Nouns","doll"
"961",40,"picnic","Nouns","family"
"962",40,"picnic","Nouns","flower"
"963",40,"picnic","Nouns","food"
"964",40,"picnic","Nouns","grass"
"965",40,"picnic","Nouns","kid"
"966",40,"picnic","Nouns","lake"
"967",40,"picnic","Nouns","lunch"
"968",40,"picnic","Nouns","mouse"
"969",40,"picnic","Nouns","picnic"
"970",40,"picnic","Nouns","rat"
"971",40,"picnic","Nouns","road"
"972",40,"picnic","Nouns","rock"
"973",40,"picnic","Nouns","time"
"974",40,"picnic","Nouns","toy"
"975",40,"picnic","Nouns","truck"
"976",40,"picnic","Verbs","begin"
"977",40,"picnic","Verbs","call"
"978",40,"picnic","Verbs","come"
"979",40,"picnic","Verbs","cry"
"980",40,"picnic","Verbs","decide"
"981",40,"picnic","Verbs","do"
"982",40,"picnic","Verbs","drive"
"983",40,"picnic","Verbs","eat"
"984",40,"picnic","Verbs","fall"
"985",40,"picnic","Verbs","find"
"986",40,"picnic","Verbs","get"
"987",40,"picnic","Verbs","go"
"988",40,"picnic","Verbs","have"
"989",40,"picnic","Verbs","know"
"990",40,"picnic","Verbs","lay"
"991",40,"picnic","Verbs","look"
"992",40,"picnic","Verbs","notice"
"993",40,"picnic","Verbs","pick"
"994",40,"picnic","Verbs","play"
"995",40,"picnic","Verbs","realize"
"996",40,"picnic","Verbs","run"
"997",40,"picnic","Verbs","see"
"998",40,"picnic","Verbs","sit"
"999",40,"picnic","Verbs","start"
"1000",40,"picnic","Verbs","take"
"1001",50,"picnic","Adjectives","beautiful"
"1002",50,"picnic","Adjectives","big"
"1003",50,"picnic","Adjectives","bumpy"
"1004",50,"picnic","Adjectives","full"
"1005",50,"picnic","Adjectives","good"
"1006",50,"picnic","Adjectives","great"
"1007",50,"picnic","Adjectives","happy"
"1008",50,"picnic","Adjectives","hungry"
"1009",50,"picnic","Adjectives","left"
"1010",50,"picnic","Adjectives","little"
"1011",50,"picnic","Adjectives","lonely"
"1012",50,"picnic","Adjectives","lost"
"1013",50,"picnic","Adjectives","missing"
"1014",50,"picnic","Adjectives","nice"
"1015",50,"picnic","Adjectives","old"
"1016",50,"picnic","Adjectives","pink"
"1017",50,"picnic","Adjectives","poor"
"1018",50,"picnic","Adjectives","ready"
"1019",50,"picnic","Adjectives","sad"
"1020",50,"picnic","Adjectives","scared"
"1021",50,"picnic","Adjectives","small"
"1022",50,"picnic","Adjectives","stuffed"
"1023",50,"picnic","Adjectives","tall"
"1024",50,"picnic","Adjectives","whole"
"1025",50,"picnic","Adjectives","wonderful"
"1026",50,"picnic","Adverbs","again"
"1027",50,"picnic","Adverbs","all"
"1028",50,"picnic","Adverbs","alone"
"1029",50,"picnic","Adverbs","around"
"1030",50,"picnic","Adverbs","back"
"1031",50,"picnic","Adverbs","behind"
"1032",50,"picnic","Adverbs","down"
"1033",50,"picnic","Adverbs","even"
"1034",50,"picnic","Adverbs","finally"
"1035",50,"picnic","Adverbs","here"
"1036",50,"picnic","Adverbs","just"
"1037",50,"picnic","Adverbs","maybe"
"1038",50,"picnic","Adverbs","meanwhile"
"1039",50,"picnic","Adverbs","now"
"1040",50,"picnic","Adverbs","off"
"1041",50,"picnic","Adverbs","out"
"1042",50,"picnic","Adverbs","really"
"1043",50,"picnic","Adverbs","so"
"1044",50,"picnic","Adverbs","still"
"1045",50,"picnic","Adverbs","then"
"1046",50,"picnic","Adverbs","there"
"1047",50,"picnic","Adverbs","together"
"1048",50,"picnic","Adverbs","up"
"1049",50,"picnic","Adverbs","very"
"1050",50,"picnic","Adverbs","where"
"1051",50,"picnic","Nouns","animal"
"1052",50,"picnic","Nouns","baby"
"1053",50,"picnic","Nouns","back"
"1054",50,"picnic","Nouns","berry"
"1055",50,"picnic","Nouns","blanket"
"1056",50,"picnic","Nouns","child"
"1057",50,"picnic","Nouns","dad"
"1058",50,"picnic","Nouns","day"
"1059",50,"picnic","Nouns","doll"
"1060",50,"picnic","Nouns","family"
"1061",50,"picnic","Nouns","flower"
"1062",50,"picnic","Nouns","food"
"1063",50,"picnic","Nouns","grandma"
"1064",50,"picnic","Nouns","grandpa"
"1065",50,"picnic","Nouns","grass"
"1066",50,"picnic","Nouns","kid"
"1067",50,"picnic","Nouns","mom"
"1068",50,"picnic","Nouns","mouse"
"1069",50,"picnic","Nouns","picnic"
"1070",50,"picnic","Nouns","raspberry"
"1071",50,"picnic","Nouns","road"
"1072",50,"picnic","Nouns","time"
"1073",50,"picnic","Nouns","toy"
"1074",50,"picnic","Nouns","truck"
"1075",50,"picnic","Nouns","way"
"1076",50,"picnic","Verbs","call"
"1077",50,"picnic","Verbs","come"
"1078",50,"picnic","Verbs","continue"
"1079",50,"picnic","Verbs","cry"
"1080",50,"picnic","Verbs","decide"
"1081",50,"picnic","Verbs","do"
"1082",50,"picnic","Verbs","drive"
"1083",50,"picnic","Verbs","eat"
"1084",50,"picnic","Verbs","find"
"1085",50,"picnic","Verbs","get"
"1086",50,"picnic","Verbs","go"
"1087",50,"picnic","Verbs","have"
"1088",50,"picnic","Verbs","hear"
"1089",50,"picnic","Verbs","know"
"1090",50,"picnic","Verbs","look"
"1091",50,"picnic","Verbs","notice"
"1092",50,"picnic","Verbs","pick"
"1093",50,"picnic","Verbs","play"
"1094",50,"picnic","Verbs","realize"
"1095",50,"picnic","Verbs","run"
"1096",50,"picnic","Verbs","see"
"1097",50,"picnic","Verbs","sit"
"1098",50,"picnic","Verbs","start"
"1099",50,"picnic","Verbs","take"
"1100",50,"picnic","Verbs","think"
"1101",60,"picnic","Adjectives","aware"
"1102",60,"picnic","Adjectives","beautiful"
"1103",60,"picnic","Adjectives","big"
"1104",60,"picnic","Adjectives","bumpy"
"1105",60,"picnic","Adjectives","full"
"1106",60,"picnic","Adjectives","good"
"1107",60,"picnic","Adjectives","great"
"1108",60,"picnic","Adjectives","happy"
"1109",60,"picnic","Adjectives","hungry"
"1110",60,"picnic","Adjectives","left"
"1111",60,"picnic","Adjectives","little"
"1112",60,"picnic","Adjectives","lost"
"1113",60,"picnic","Adjectives","missing"
"1114",60,"picnic","Adjectives","nice"
"1115",60,"picnic","Adjectives","old"
"1116",60,"picnic","Adjectives","pink"
"1117",60,"picnic","Adjectives","poor"
"1118",60,"picnic","Adjectives","ready"
"1119",60,"picnic","Adjectives","red"
"1120",60,"picnic","Adjectives","sad"
"1121",60,"picnic","Adjectives","stuffed"
"1122",60,"picnic","Adjectives","tall"
"1123",60,"picnic","Adjectives","whole"
"1124",60,"picnic","Adjectives","wonderful"
"1125",60,"picnic","Adjectives","young"
"1126",60,"picnic","Adverbs","again"
"1127",60,"picnic","Adverbs","all"
"1128",60,"picnic","Adverbs","around"
"1129",60,"picnic","Adverbs","back"
"1130",60,"picnic","Adverbs","down"
"1131",60,"picnic","Adverbs","even"
"1132",60,"picnic","Adverbs","finally"
"1133",60,"picnic","Adverbs","here"
"1134",60,"picnic","Adverbs","just"
"1135",60,"picnic","Adverbs","maybe"
"1136",60,"picnic","Adverbs","meanwhile"
"1137",60,"picnic","Adverbs","now"
"1138",60,"picnic","Adverbs","off"
"1139",60,"picnic","Adverbs","on"
"1140",60,"picnic","Adverbs","out"
"1141",60,"picnic","Adverbs","probably"
"1142",60,"picnic","Adverbs","really"
"1143",60,"picnic","Adverbs","so"
"1144",60,"picnic","Adverbs","still"
"1145",60,"picnic","Adverbs","then"
"1146",60,"picnic","Adverbs","there"
"1147",60,"picnic","Adverbs","together"
"1148",60,"picnic","Adverbs","up"
"1149",60,"picnic","Adverbs","very"
"1150",60,"picnic","Adverbs","where"
"1151",60,"picnic","Nouns","area"
"1152",60,"picnic","Nouns","baby"
"1153",60,"picnic","Nouns","back"
"1154",60,"picnic","Nouns","baseball"
"1155",60,"picnic","Nouns","berry"
"1156",60,"picnic","Nouns","blanket"
"1157",60,"picnic","Nouns","brother"
"1158",60,"picnic","Nouns","bush"
"1159",60,"picnic","Nouns","child"
"1160",60,"picnic","Nouns","dad"
"1161",60,"picnic","Nouns","doll"
"1162",60,"picnic","Nouns","family"
"1163",60,"picnic","Nouns","flower"
"1164",60,"picnic","Nouns","food"
"1165",60,"picnic","Nouns","grandpa"
"1166",60,"picnic","Nouns","kid"
"1167",60,"picnic","Nouns","mom"
"1168",60,"picnic","Nouns","mouse"
"1169",60,"picnic","Nouns","picnic"
"1170",60,"picnic","Nouns","raspberry"
"1171",60,"picnic","Nouns","road"
"1172",60,"picnic","Nouns","time"
"1173",60,"picnic","Nouns","toy"
"1174",60,"picnic","Nouns","truck"
"1175",60,"picnic","Nouns","water"
"1176",60,"picnic","Verbs","call"
"1177",60,"picnic","Verbs","come"
"1178",60,"picnic","Verbs","cry"
"1179",60,"picnic","Verbs","decide"
"1180",60,"picnic","Verbs","do"
"1181",60,"picnic","Verbs","drive"
"1182",60,"picnic","Verbs","eat"
"1183",60,"picnic","Verbs","fall"
"1184",60,"picnic","Verbs","find"
"1185",60,"picnic","Verbs","get"
"1186",60,"picnic","Verbs","go"
"1187",60,"picnic","Verbs","have"
"1188",60,"picnic","Verbs","jump"
"1189",60,"picnic","Verbs","know"
"1190",60,"picnic","Verbs","lay"
"1191",60,"picnic","Verbs","look"
"1192",60,"picnic","Verbs","pick"
"1193",60,"picnic","Verbs","play"
"1194",60,"picnic","Verbs","realize"
"1195",60,"picnic","Verbs","run"
"1196",60,"picnic","Verbs","see"
"1197",60,"picnic","Verbs","sit"
"1198",60,"picnic","Verbs","start"
"1199",60,"picnic","Verbs","swim"
"1200",60,"picnic","Verbs","take"
"1201",70,"picnic","Adjectives","beautiful"
"1202",70,"picnic","Adjectives","big"
"1203",70,"picnic","Adjectives","bumpy"
"1204",70,"picnic","Adjectives","full"
"1205",70,"picnic","Adjectives","glad"
"1206",70,"picnic","Adjectives","good"
"1207",70,"picnic","Adjectives","great"
"1208",70,"picnic","Adjectives","happy"
"1209",70,"picnic","Adjectives","hungry"
"1210",70,"picnic","Adjectives","left"
"1211",70,"picnic","Adjectives","little"
"1212",70,"picnic","Adjectives","lost"
"1213",70,"picnic","Adjectives","missing"
"1214",70,"picnic","Adjectives","nice"
"1215",70,"picnic","Adjectives","old"
"1216",70,"picnic","Adjectives","pink"
"1217",70,"picnic","Adjectives","poor"
"1218",70,"picnic","Adjectives","ready"
"1219",70,"picnic","Adjectives","red"
"1220",70,"picnic","Adjectives","sad"
"1221",70,"picnic","Adjectives","small"
"1222",70,"picnic","Adjectives","stuffed"
"1223",70,"picnic","Adjectives","whole"
"1224",70,"picnic","Adjectives","wonderful"
"1225",70,"picnic","Adjectives","young"
"1226",70,"picnic","Adverbs","again"
"1227",70,"picnic","Adverbs","all"
"1228",70,"picnic","Adverbs","around"
"1229",70,"picnic","Adverbs","back"
"1230",70,"picnic","Adverbs","down"
"1231",70,"picnic","Adverbs","even"
"1232",70,"picnic","Adverbs","finally"
"1233",70,"picnic","Adverbs","here"
"1234",70,"picnic","Adverbs","just"
"1235",70,"picnic","Adverbs","maybe"
"1236",70,"picnic","Adverbs","meantime"
"1237",70,"picnic","Adverbs","meanwhile"
"1238",70,"picnic","Adverbs","now"
"1239",70,"picnic","Adverbs","off"
"1240",70,"picnic","Adverbs","on"
"1241",70,"picnic","Adverbs","out"
"1242",70,"picnic","Adverbs","so"
"1243",70,"picnic","Adverbs","still"
"1244",70,"picnic","Adverbs","suddenly"
"1245",70,"picnic","Adverbs","then"
"1246",70,"picnic","Adverbs","there"
"1247",70,"picnic","Adverbs","together"
"1248",70,"picnic","Adverbs","up"
"1249",70,"picnic","Adverbs","very"
"1250",70,"picnic","Adverbs","where"
"1251",70,"picnic","Nouns","baby"
"1252",70,"picnic","Nouns","back"
"1253",70,"picnic","Nouns","basket"
"1254",70,"picnic","Nouns","berry"
"1255",70,"picnic","Nouns","bush"
"1256",70,"picnic","Nouns","child"
"1257",70,"picnic","Nouns","doll"
"1258",70,"picnic","Nouns","family"
"1259",70,"picnic","Nouns","flower"
"1260",70,"picnic","Nouns","girl"
"1261",70,"picnic","Nouns","grandpa"
"1262",70,"picnic","Nouns","kid"
"1263",70,"picnic","Nouns","middle"
"1264",70,"picnic","Nouns","mouse"
"1265",70,"picnic","Nouns","picnic"
"1266",70,"picnic","Nouns","place"
"1267",70,"picnic","Nouns","rest"
"1268",70,"picnic","Nouns","road"
"1269",70,"picnic","Nouns","rock"
"1270",70,"picnic","Nouns","thing"
"1271",70,"picnic","Nouns","time"
"1272",70,"picnic","Nouns","toy"
"1273",70,"picnic","Nouns","tree"
"1274",70,"picnic","Nouns","truck"
"1275",70,"picnic","Nouns","water"
"1276",70,"picnic","Verbs","call"
"1277",70,"picnic","Verbs","come"
"1278",70,"picnic","Verbs","cry"
"1279",70,"picnic","Verbs","decide"
"1280",70,"picnic","Verbs","do"
"1281",70,"picnic","Verbs","eat"
"1282",70,"picnic","Verbs","fall"
"1283",70,"picnic","Verbs","find"
"1284",70,"picnic","Verbs","get"
"1285",70,"picnic","Verbs","go"
"1286",70,"picnic","Verbs","have"
"1287",70,"picnic","Verbs","hear"
"1288",70,"picnic","Verbs","know"
"1289",70,"picnic","Verbs","lay"
"1290",70,"picnic","Verbs","look"
"1291",70,"picnic","Verbs","pick"
"1292",70,"picnic","Verbs","play"
"1293",70,"picnic","Verbs","realize"
"1294",70,"picnic","Verbs","run"
"1295",70,"picnic","Verbs","seem"
"1296",70,"picnic","Verbs","sit"
"1297",70,"picnic","Verbs","start"
"1298",70,"picnic","Verbs","swim"
"1299",70,"picnic","Verbs","take"
"1300",70,"picnic","Verbs","think"
"1301",80,"picnic","Adjectives","beautiful"
"1302",80,"picnic","Adjectives","big"
"1303",80,"picnic","Adjectives","bumpy"
"1304",80,"picnic","Adjectives","full"
"1305",80,"picnic","Adjectives","glad"
"1306",80,"picnic","Adjectives","good"
"1307",80,"picnic","Adjectives","great"
"1308",80,"picnic","Adjectives","happy"
"1309",80,"picnic","Adjectives","hungry"
"1310",80,"picnic","Adjectives","little"
"1311",80,"picnic","Adjectives","lost"
"1312",80,"picnic","Adjectives","missing"
"1313",80,"picnic","Adjectives","next"
"1314",80,"picnic","Adjectives","nice"
"1315",80,"picnic","Adjectives","old"
"1316",80,"picnic","Adjectives","pink"
"1317",80,"picnic","Adjectives","poor"
"1318",80,"picnic","Adjectives","pretty"
"1319",80,"picnic","Adjectives","ready"
"1320",80,"picnic","Adjectives","red"
"1321",80,"picnic","Adjectives","sad"
"1322",80,"picnic","Adjectives","small"
"1323",80,"picnic","Adjectives","stuffed"
"1324",80,"picnic","Adjectives","whole"
"1325",80,"picnic","Adjectives","wonderful"
"1326",80,"picnic","Adverbs","again"
"1327",80,"picnic","Adverbs","all"
"1328",80,"picnic","Adverbs","along"
"1329",80,"picnic","Adverbs","apparently"
"1330",80,"picnic","Adverbs","around"
"1331",80,"picnic","Adverbs","away"
"1332",80,"picnic","Adverbs","back"
"1333",80,"picnic","Adverbs","down"
"1334",80,"picnic","Adverbs","even"
"1335",80,"picnic","Adverbs","ever"
"1336",80,"picnic","Adverbs","here"
"1337",80,"picnic","Adverbs","just"
"1338",80,"picnic","Adverbs","maybe"
"1339",80,"picnic","Adverbs","meanwhile"
"1340",80,"picnic","Adverbs","now"
"1341",80,"picnic","Adverbs","off"
"1342",80,"picnic","Adverbs","on"
"1343",80,"picnic","Adverbs","out"
"1344",80,"picnic","Adverbs","so"
"1345",80,"picnic","Adverbs","still"
"1346",80,"picnic","Adverbs","then"
"1347",80,"picnic","Adverbs","there"
"1348",80,"picnic","Adverbs","up"
"1349",80,"picnic","Adverbs","very"
"1350",80,"picnic","Adverbs","where"
"1351",80,"picnic","Nouns","baby"
"1352",80,"picnic","Nouns","back"
"1353",80,"picnic","Nouns","banjo"
"1354",80,"picnic","Nouns","baseball"
"1355",80,"picnic","Nouns","basket"
"1356",80,"picnic","Nouns","berry"
"1357",80,"picnic","Nouns","child"
"1358",80,"picnic","Nouns","doll"
"1359",80,"picnic","Nouns","family"
"1360",80,"picnic","Nouns","flower"
"1361",80,"picnic","Nouns","food"
"1362",80,"picnic","Nouns","home"
"1363",80,"picnic","Nouns","mother"
"1364",80,"picnic","Nouns","mouse"
"1365",80,"picnic","Nouns","picnic"
"1366",80,"picnic","Nouns","picture"
"1367",80,"picnic","Nouns","place"
"1368",80,"picnic","Nouns","road"
"1369",80,"picnic","Nouns","rock"
"1370",80,"picnic","Nouns","thing"
"1371",80,"picnic","Nouns","time"
"1372",80,"picnic","Nouns","toy"
"1373",80,"picnic","Nouns","truck"
"1374",80,"picnic","Nouns","water"
"1375",80,"picnic","Nouns","watermelon"
"1376",80,"picnic","Verbs","come"
"1377",80,"picnic","Verbs","cry"
"1378",80,"picnic","Verbs","decide"
"1379",80,"picnic","Verbs","do"
"1380",80,"picnic","Verbs","eat"
"1381",80,"picnic","Verbs","fall"
"1382",80,"picnic","Verbs","find"
"1383",80,"picnic","Verbs","get"
"1384",80,"picnic","Verbs","go"
"1385",80,"picnic","Verbs","guess"
"1386",80,"picnic","Verbs","have"
"1387",80,"picnic","Verbs","hug"
"1388",80,"picnic","Verbs","jump"
"1389",80,"picnic","Verbs","know"
"1390",80,"picnic","Verbs","lay"
"1391",80,"picnic","Verbs","look"
"1392",80,"picnic","Verbs","pick"
"1393",80,"picnic","Verbs","play"
"1394",80,"picnic","Verbs","put"
"1395",80,"picnic","Verbs","see"
"1396",80,"picnic","Verbs","sit"
"1397",80,"picnic","Verbs","start"
"1398",80,"picnic","Verbs","swim"
"1399",80,"picnic","Verbs","take"
"1400",80,"picnic","Verbs","think"
